name,surname,eMail,phoneNumber,createdAt,updatedAt,userId
Jan,Kowalski,Jan_Kowalski@wp.pl,123123123,2021-06-04 09:01:52.147+00,2021-06-04 09:01:52.147+00,1
Jan,Kowalski,example@example.com,157493647,2021-06-22 09:04:46.018+00,2021-06-22 09:04:46.018+00,2
Kamil,Ja,ja@ja.com,157493647,2021-06-22 09:05:46.576+00,2021-06-22 09:05:46.576+00,3
Kamil,Ja,ja@ja.com,163746382,2021-06-22 09:06:28.546+00,2021-06-22 09:06:28.546+00,4
Kamil,JaJa,ja1@ja.com,846395730,2021-07-16 11:05:54.027+00,2021-07-16 11:05:54.027+00,5
Krzysztof,Nowak,Krzysztof_Nowak@onet.pl,746395734,2021-07-16 11:40:38.659+00,2021-07-16 11:40:38.659+00,6
abc,cba,abc@abc.pl,2133131121,2021-07-16 11:44:21.468+00,2021-07-16 11:44:21.468+00,7
abc,cba,abc@abc.pl,2133131121,2021-07-16 11:44:35.61+00,2021-07-16 11:44:35.61+00,8
abc,cba,abc@abc.pl,2133131121,2021-07-16 11:44:52.631+00,2021-07-16 11:44:52.631+00,9
test,test,abc@abc.pl,2133131121,2021-07-16 11:45:02.605+00,2021-07-16 11:45:02.605+00,10
wacwa,wacwa,test@test.pl,123123123,2021-07-16 11:48:53.395+00,2021-07-16 11:48:53.395+00,11
